[{"name": "move_objects_to_bottom_shelf", "type": 1, "function": "\ndef move_objects_to_bottom_shelf(self):\n\tfor obj in self.object_list:\n\t\t# check for object in dish area for 15 seconds\n\t\tif self.check_condition(f'{obj} is in the dish area for 15 seconds', type='location and time', function='move_objects_to_bottom_shelf'):\n\t\t\tself.pick(obj)\n\t\t\tself.place('bottom shelf')\n\tself.done()\n\treturn\n", "description": "This function takes a list of objects and moves any object that has been in a specified area (\"dish area\") for 15 seconds to the bottom shelf. It performs this process for each object in the list, one by one. Once an object is confirmed to meet the condition, it picks the object up and places it on the bottom shelf. After all objects have been processed, it signals that the task is complete.", "is_active": true}]