[{"name": "dishware_to_bottom_shelf", "type": 1, "function": "\ndef dishware_to_bottom_shelf(self):\n    for obj in self.object_list:\n        # check if object is on table and if it is dishware\n        if self.check_condition(f'{obj} is on the table', type='location', function='dishware_to_bottom_shelf') and self.check_condition(f'{obj} is dishware', type='property', function='dishware_to_bottom_shelf'):\n            self.pick(obj)\n            self.place('bottom shelf')\n    self.done()\n    return\n", "description": "This function is designed to move dishware from a table to a bottom shelf. It goes through a list of objects and checks if each one is on the table and if it is dishware. If both conditions are met, it picks up the object and places it on the bottom shelf. After all objects have been processed, it signals that the task is complete.", "is_active": true}, {"name": "move_cheezits_and_objects_to_zone_one", "type": 0, "function": "\ndef move_cheezits_and_objects_to_zone_one(self):\n\t# Check if the cheezit is on the table and move it to zone 1\n\tif self.check_condition('cheezit is on the table', type='location', function='move_cheezits_and_objects_to_zone_one'):\n\t\tself.pick('cheezit')\n\t\tself.place('zone 1')\n\t\n\t# Move all other objects on the table to zone 1\n\tfor object in self.object_list:\n\t\tif self.check_condition(f'{object} is on the table', type='location', function='move_cheezits_and_objects_to_zone_one'):\n\t\t\tself.pick(object)\n\t\t\tself.place('zone 1')\n\t\t\t\n\tself.done()\n\treturn\n", "description": "This function moves a specific item, \"cheezit,\" and all other objects from a table to a defined area called \"zone 1.\" First, it checks if the \"cheezit\" is on the table and, if so, moves it to zone 1. Next, it goes through a list of other objects on the table and moves each one to zone 1 as well. Finally, it signals that the task is finished.", "is_active": true}]