[{"name": "move_items_to_bottom_shelf", "type": 1, "function": "\ndef move_items_to_bottom_shelf(self):\n    for obj in ['cheezit', 'mustard', 'glass', 'pringles', 'sponge', 'cup', 'bottle']: \n        # check if the object is in zone 1\n        if self.check_condition(f'{obj} is in zone 1', type='location', function='move_items_to_bottom_shelf'):\n            self.pick(obj)\n            self.place('bottom shelf')\n    self.done()\n    return\n", "description": "This function moves specific items (like Cheez-It, mustard, and others) that are located in \"zone 1\" to the \"bottom shelf.\" It first checks if each item is in \"zone 1.\" If an item is found in \"zone 1,\" it picks up the item and places it on the bottom shelf. After checking and moving all the listed items, the function signals that it has finished the task.", "is_active": true}]