[{"name": "move_to_bottom_shelf", "type": 1, "function": "\ndef move_to_bottom_shelf(self):\n    for obj in self.object_list:\n        # check for object on dish area for 15 seconds\n        if self.check_condition(f'{obj} is in dish area for 15 seconds', type='location and time', function='move_to_bottom_shelf'):\n            self.pick(obj)\n            self.place('bottom shelf')\n    self.done()\n    return\n", "description": "This function takes a list of objects and checks each one to see if it has been in a specific \"dish area\" for 15 seconds. If an object meets this condition, the function will pick it up and move it to the \"bottom shelf.\" This process is repeated for all objects in the list. Once all the objects are checked and possibly moved, the function signals that it is finished.", "is_active": true}][
    {
        "name": "move_to_bottom_shelf",
        "type": 1,
        "function": "\ndef move_to_bottom_shelf(self):\n    for obj in self.object_list:\n        # check for object on dish area for 15 seconds\n        if self.check_condition(f'{obj} is in dish area for 15 seconds', type='location and time', function='move_to_bottom_shelf'):\n            self.pick(obj)\n            self.place('bottom shelf')\n    self.done()\n    return\n",
        "description": "This function takes a list of objects and checks each one to see if it has been in a specific \"dish area\" for 15 seconds. If an object meets this condition, the function will pick it up and move it to the \"bottom shelf.\" This process is repeated for all objects in the list. Once all the objects are checked and possibly moved, the function signals that it is finished.",
        "is_active": true
    },
    {
        "name": "clean_glass",
        "type": 1,
        "function": "\ndef clean_glass(self):\n\t# check for zone trigger on side table\n\tif self.check_condition('cup is on the side table', type='location', function='clean_glass'):\n\t\tself.pick('sponge')\n\t\tself.wipe('glass')\n\t\tself.place('table')\n\tself.done()\n\treturn\n",
        "description": "When this function runs, it checks if a cup is on a side table. If the cup is on the side table, it picks up a sponge and cleans the glass. After that, it places the glass back on the table. Finally, it signals that the cleaning task is complete.",
        "is_active": true
    },
    {
        "name": "move_glass_to_dish_area_and_clean",
        "type": 0,
        "function": "\ndef move_glass_to_dish_area_and_clean(self):\n\tself.pick('glass')\n\tself.place('dish area')\n\tself.pick('sponge')\n\tself.clean('glass')\n\tself.place('dish area')\n\tself.done()\n\treturn\n",
        "description": "This function performs a series of actions related to cleaning a glass. First, it picks up the glass and moves it to the dish area. Then, it picks up a sponge and cleans the glass. After cleaning, it places the glass back in the dish area. Lastly, it indicates that the task is complete.",
        "is_active": true
    }
][
    {
        "name": "move_to_bottom_shelf",
        "type": 1,
        "function": "\ndef move_to_bottom_shelf(self):\n    for obj in self.object_list:\n        # check for object on dish area for 15 seconds\n        if self.check_condition(f'{obj} is in dish area for 15 seconds', type='location and time', function='move_to_bottom_shelf'):\n            self.pick(obj)\n            self.place('bottom shelf')\n    self.done()\n    return\n",
        "description": "This function takes a list of objects and checks each one to see if it has been in a specific \"dish area\" for 15 seconds. If an object meets this condition, the function will pick it up and move it to the \"bottom shelf.\" This process is repeated for all objects in the list. Once all the objects are checked and possibly moved, the function signals that it is finished.",
        "is_active": true
    },
    {
        "name": "clean_glass",
        "type": 1,
        "function": "\ndef clean_glass(self):\n\t# check for zone trigger on side table\n\tif self.check_condition('cup is on the side table', type='location', function='clean_glass'):\n\t\tself.pick('sponge')\n\t\tself.wipe('glass')\n\t\tself.place('table')\n\tself.done()\n\treturn\n",
        "description": "When this function runs, it checks if a cup is on a side table. If the cup is on the side table, it picks up a sponge and cleans the glass. After that, it places the glass back on the table. Finally, it signals that the cleaning task is complete.",
        "is_active": true
    },
    [
        {
            "name": "move_to_bottom_shelf",
            "type": 1,
            "function": "\ndef move_to_bottom_shelf(self):\n    for obj in self.object_list:\n        # check for object on dish area for 15 seconds\n        if self.check_condition(f'{obj} is in dish area for 15 seconds', type='location and time', function='move_to_bottom_shelf'):\n            self.pick(obj)\n            self.place('bottom shelf')\n    self.done()\n    return\n",
            "description": "This function takes a list of objects and checks each one to see if it has been in a specific \"dish area\" for 15 seconds. If an object meets this condition, the function will pick it up and move it to the \"bottom shelf.\" This process is repeated for all objects in the list. Once all the objects are checked and possibly moved, the function signals that it is finished.",
            "is_active": true
        },
        {
            "name": "glass_to_dish_area_and_clean",
            "type": 0,
            "function": "\ndef glass_to_dish_area_and_clean(self):\n\tself.pick('glass')\n\tself.place('dish area')\n\tself.pick('sponge')\n\tself.clean('glass')\n\tself.place('dish area')\n\tself.done()\n\treturn\n",
            "description": "This function describes a sequence of steps for handling a glass and cleaning it. First, it picks up a glass, then moves it to a dish area. Next, it picks up a sponge and cleans the glass. After cleaning, it places the glass back in the dish area and then signals that the task is complete.",
            "is_active": true
        }
    ][
        {
            "name": "move_to_bottom_shelf",
            "type": 1,
            "function": "\ndef move_to_bottom_shelf(self):\n    for obj in self.object_list:\n        # check for object on dish area for 15 seconds\n        if self.check_condition(f'{obj} is in dish area for 15 seconds', type='location and time', function='move_to_bottom_shelf'):\n            self.pick(obj)\n            self.place('bottom shelf')\n    self.done()\n    return\n",
            "description": "This function takes a list of objects and checks each one to see if it has been in a specific \"dish area\" for 15 seconds. If an object meets this condition, the function will pick it up and move it to the \"bottom shelf.\" This process is repeated for all objects in the list. Once all the objects are checked and possibly moved, the function signals that it is finished.",
            "is_active": true
        },
        {
            "name": "move_glass_and_clean",
            "type": 0,
            "function": "\ndef move_glass_and_clean(self):\n\tself.pick('glass')\n\tself.place('dish area')\n\tself.pick('sponge')\n\tself.clean('glass')\n\tself.place('dish area')\n\tself.done()\n\treturn\n",
            "description": "This function simulates a process where an object (referred to as 'self') performs several tasks to move and clean a glass. First, it picks up the glass and takes it to the dish area. Then, it picks up a sponge and cleans the glass. Finally, it places the glass back in the dish area and completes the task.",
            "is_active": true
        }
    ][
        {
            "name": "move_to_bottom_shelf",
            "type": 1,
            "function": "\ndef move_to_bottom_shelf(self):\n    for obj in self.object_list:\n        # check for object on dish area for 15 seconds\n        if self.check_condition(f'{obj} is in dish area for 15 seconds', type='location and time', function='move_to_bottom_shelf'):\n            self.pick(obj)\n            self.place('bottom shelf')\n    self.done()\n    return\n",
            "description": "This function takes a list of objects and checks each one to see if it has been in a specific \"dish area\" for 15 seconds. If an object meets this condition, the function will pick it up and move it to the \"bottom shelf.\" This process is repeated for all objects in the list. Once all the objects are checked and possibly moved, the function signals that it is finished.",
            "is_active": true
        },
        {
            "name": "move_and_clean_glass",
            "type": 0,
            "function": "\ndef move_and_clean_glass(self):\n\tself.pick('glass')\n\tself.place('dish area')\n\tself.pick('sponge')\n\tself.clean('glass')\n\tself.place('dish area')\n\tself.done()\n\treturn\n",
            "description": "This function moves a glass from its current location to a dish area. It then picks up a sponge and cleans the glass. After cleaning, it places the glass back in the dish area. Finally, it signals that the task is complete.",
            "is_active": true
        }
    ]
]