[{"name": "move_cup_or_glass_to_bottom_shelf", "type": 1, "function": "\ndef move_cup_or_glass_to_bottom_shelf(self):\n\tfor obj in ['cup', 'glass']:\n        # check for cup or glass on the table\n\t\tif self.check_condition(f'{obj} is on the table', type='location', function='move_cup_or_glass_to_bottom_shelf'):\n\t\t\tself.pick(obj)\n\t\t\tself.place('bottom shelf')\n\tself.done()\n\treturn\n", "description": "This function looks for cups or glasses on a table. If it finds any, it picks them up and moves them to the bottom shelf. After moving all found items, it finishes its task.", "is_active": true}]