[{"name": "move_to_bottom_shelf", "type": 1, "function": "\ndef move_to_bottom_shelf(self):\n\tfor obj in self.object_list:\n\t\t# check if object is on zone 1 and move it to bottom shelf\n\t\tif self.check_condition(f'{obj} is in zone 1', type='location', function='move_to_bottom_shelf'):\n\t\t\tself.pick(obj)\n\t\t\tself.place('bottom shelf')\n\tself.done()\n\treturn\n", "description": "This function moves objects from a specific area called \"zone 1\" to a location called the \"bottom shelf.\" It checks if each object in a list is currently in \"zone 1.\" If an object is found in \"zone 1,\" the function picks it up and places it on the \"bottom shelf.\" Once all objects have been checked and moved if necessary, the function completes its task.", "is_active": true}]