[{"name": "move_if_in_dish_area", "type": 1, "function": "\ndef move_if_in_dish_area(self):\n    for object in self.object_list:\n        # check for object in dish area for 15 seconds\n        if self.check_condition(f'{object} is in dish area for 15 seconds', type='location and time', function='move_if_in_dish_area'):\n            self.pick(object)\n            self.place('bottom shelf')\n    self.done()\n    return\n", "description": "This function checks if any objects are in a specified \"dish area\" for 15 seconds. If any objects are found there, it moves them to the \"bottom shelf.\" It repeats this process for all objects in a pre-defined list. After handling all objects, it signals that the task is complete.", "is_active": true}]