[{"name": "food_to_zone_1", "type": 1, "function": "\ndef food_to_zone_1(self):\n\tfor obj in self.object_list:\n\t\t# check for object on table for 5 seconds and if object is food\n\t\tif self.check_condition(f'{obj} is on the table for 5 seconds', type='location and time', function='food_to_zone_1') and self.check_condition(f'{obj} is food', type='property', function='food_to_zone_1'):\n\t\t\tself.pick(obj)\n\t\t\tself.place('zone 1')\n\tself.done()\n\treturn\n", "description": "This function checks every object in a list to see if it has been on a table for 5 seconds and if it is food. If both conditions are true for an object, it will pick up the object and place it in \"zone 1\". After finishing this process for all objects, it signals that the task is complete.", "is_active": true}, {"name": "drinkware_to_bottom_shelf", "type": 1, "function": "\ndef drinkware_to_bottom_shelf(self):\n\tfor object in ['glass', 'cup', 'bottle']:\n\t\t# check for drinkware on table for 5 seconds\n\t\tif self.check_condition(f'{object} is on the table for 5 seconds', type='location and time', function='drinkware_to_bottom_shelf'):\n\t\t\tself.pick(object)\n\t\t\tself.place('bottom shelf')\n\tself.done()\n\treturn\n", "description": "This function looks for a glass, cup, or bottle that has been left on a table for 5 seconds. If it finds any of these items, it picks them up and places them on the bottom shelf. It repeats this process for each type of drinkware. Once all items have been checked and moved, the function completes its task and signals that it is done.", "is_active": true}]