[{"name": "pick_and_place_in_zone_1", "type": 1, "function": "\ndef pick_and_place_in_zone_1(self):\n\tfor object in self.object_list:\n\t\t# check for object on zone 1 for more than 1 second\n\t\tif self.check_condition(f'{object} is in zone 1 for 1 seconds', type='location and time', function='pick_and_place_in_zone_1'):\n\t\t\tself.pick(object)\n\t\t\tself.place('bottom shelf')\n\tself.done()\n\treturn\n", "description": "This function looks through a list of objects and checks if any of them have been in a specific area (zone 1) for at least one second. If an object meets this condition, it picks up the object and places it on the bottom shelf. After going through all objects, it finishes its task.", "is_active": true}]