[{"name": "move_objects_from_dish_area_to_bottom_shelf", "type": 1, "function": "\ndef move_objects_from_dish_area_to_bottom_shelf(self):\n\tfor object in self.object_list:\n\t\t# check for object on dish area for 15 seconds\n\t\tif self.check_condition(f'{object} is on the dish area for 15 seconds', type='location and time', function='move_objects_from_dish_area_to_bottom_shelf'):\n\t\t\tself.pick(object)\n\t\t\tself.place('bottom shelf')\n\tself.done()\n\treturn\n", "description": "This function moves objects from a dish area to a bottom shelf. It first checks if each object has been in the dish area for 15 seconds. If an object meets this condition, it will be picked up and then placed on the bottom shelf. Once all objects are checked and moved if needed, the function finishes its task.", "is_active": true}, {"name": "wipe_table_with_sponge", "type": 1, "function": "\ndef wipe_table_with_sponge(self):\n    # Check if there is no object except sponge on the table\n    if self.check_condition('glass is on the table', type='location', function='wipe_table_with_sponge') or \\\n       self.check_condition('cup is on the table', type='location', function='wipe_table_with_sponge'):\n        self.done()\n        return\n    if self.check_condition('sponge is on the table', type='location', function='wipe_table_with_sponge'):\n        self.pick('sponge')\n        self.wipe('table')\n        self.place('table')\n    self.done()\n    return\n", "description": "This function helps clean a table using a sponge. It first checks if there\u2019s any glass or cup on the table; if so, it does nothing and finishes. If there\u2019s only a sponge on the table, it picks up the sponge, wipes the table with it, and then places the sponge back on the table. Finally, it always indicates that the task is done.", "is_active": true}]