[{"name": "move_food_to_zone2", "type": 1, "function": "\ndef move_food_to_zone2(self):\n    food_types = ['cheezit', 'pringles', 'mustard']  # Assuming these items are considered food based on previous examples\n    for object in food_types:\n        # check for zone trigger on table and if object is food\n        if self.check_condition(f'{object} is on the table', type='location', function='move_food_to_zone2'):\n            self.pick(object)\n            self.place('zone 2')\n    self.done()\n    return\n", "description": "When run, this function checks if any of the items 'cheezit', 'pringles', or 'mustard' are on the table. If any of these items are found on the table, it picks them up and places them in 'zone 2'. After checking and moving all applicable items, the function indicates it has completed its task.", "is_active": true}]