[{"name": "move_objects_to_bottom_shelf", "type": 1, "function": "\ndef move_objects_to_bottom_shelf(self):\n        for obj in self.object_list:\n            # Check for zone trigger in zone 1\n            if self.check_condition(f'{obj} is in zone 1', type='location', function='move_objects_to_bottom_shelf'):\n                self.pick(obj)\n                self.place('bottom shelf')\n        self.done()\n        return\n", "description": "This function moves certain objects to the bottom shelf. It goes through a list of objects and checks if each one is in a specific area called zone 1. If an object is found in zone 1, it picks up that object and places it on the bottom shelf. After it has gone through all the objects, it finishes its task.", "is_active": true}]