[{"name": "move_objects_from_dish_area_to_bottom_shelf", "type": 1, "function": "\ndef move_objects_from_dish_area_to_bottom_shelf(self):\n    for object in self.object_list:\n        # check for object on dish area for 15 seconds\n        if self.check_condition(f'{object} is in the dish area for 15 seconds', type='location and time', function='move_objects_from_dish_area_to_bottom_shelf'):\n            self.pick(object)\n            self.place('bottom shelf')\n    self.done()\n    return\n", "description": "This function checks each item on a list to see if it has been in a specific area (the dish area) for 15 seconds. If an item has been in that area for the required time, it will move the item to the bottom shelf. Once all items have been checked and moved if needed, it signals that the task is complete.", "is_active": true}]