[{"name": "move_cup_or_glass_to_bottom_shelf", "type": 1, "function": "\ndef move_cup_or_glass_to_bottom_shelf(self):\n\tfor object in ['cup', 'glass']:\n\t\t# Check if the object is on the table\n\t\tif self.check_condition(f'{object} is on the table', type='location', function='move_cup_or_glass_to_bottom_shelf'):\n\t\t\tself.pick(object)\n\t\t\tself.place('bottom shelf')\n\tself.done()\n\treturn\n", "description": "This function moves any cups or glasses found on a table to a bottom shelf. It first checks if there is a cup on the table and moves it to the bottom shelf if found. Then, it checks for a glass and moves it in the same manner. After moving the objects, it signals that the task is complete.", "is_active": true}, {"name": "food_items_to_zone_1", "type": 1, "function": "\ndef food_items_to_zone_1(self):\n    for object in self.object_list:\n        # check for object on table and if object is food\n        if self.check_condition(f'{object} is on the table', type='location', function='food_items_to_zone_1') and self.check_condition(f'{object} is food', type='property', function='food_items_to_zone_1'):\n            self.pick(object)\n            self.place('zone 1')\n    self.done()\n    return\n", "description": "This function moves food items that are on the table to a specific area called \"zone 1.\" It goes through a list of objects, checks if each object is both on the table and classified as food. If both conditions are met, it picks up the food item and places it in zone 1. After processing all objects, it signals that the task is complete.", "is_active": true}, {"name": "move_items_to_bottom_shelf", "type": 1, "function": "\ndef move_items_to_bottom_shelf(self):\n\tfor object in self.object_list:\n\t\t# check for objects in zone 1\n\t\tif self.check_condition(f'{object} is in zone 1', type='location', function='move_items_to_bottom_shelf'):\n\t\t\tself.pick(object)\n\t\t\tself.place('bottom shelf')\n\tself.done()\n\treturn\n", "description": "This function moves items to the bottom shelf. It goes through a list of objects one by one. If an object is found in zone 1, it picks up that object and places it on the bottom shelf. After handling all objects, it signals that it has finished the task.", "is_active": true}]