[{"name": "place_objects_from_dish_area_to_bottom_shelf", "type": 1, "function": "\ndef place_objects_from_dish_area_to_bottom_shelf(self):\n    for object in self.object_list:\n        # check for object on dish area for 15 seconds\n        if self.check_condition(f'{object} is on the dish area for 15 seconds', type='location and time', function='place_objects_from_dish_area_to_bottom_shelf'):\n            self.pick(object)\n            self.place('bottom shelf')\n    self.done()\n    return\n", "description": "This function moves objects from a designated dish area to a bottom shelf. It first checks if each object has been in the dish area for at least 15 seconds. If an object meets this condition, it picks up the object and places it on the bottom shelf. This process repeats for all objects in a given list. Once all the objects are moved, the function completes its task.", "is_active": true}]