[{"name": "food_to_zone_1", "type": 1, "function": "\ndef food_to_zone_1(self):\n    for obj in self.object_list:\n        # check for object on table for 10 seconds and if object is food\n        if self.check_condition(f'{obj} is on the table for 10 seconds', type='location and time', function='food_to_zone_1') and self.check_condition(f'{obj} is food', type='property', function='food_to_zone_1'):\n            self.pick(obj)\n            self.place('zone 1')\n    self.done()\n    return\n", "description": "This function is designed to identify objects on a table that are food and have been there for at least 10 seconds. When it finds such an object, it picks it up and moves it to \"zone 1\". It repeatedly checks each object in a list until all have been evaluated. After processing all objects, it completes its task and signals that it is done.", "is_active": true}, {"name": "drinkware_to_bottom_shelf", "type": 1, "function": "\ndef drinkware_to_bottom_shelf(self):\n\tfor object in self.object_list:\n\t\t# check for object on table for more than 10 seconds and if object is drinkware\n\t\tif self.check_condition(f'{object} is on the table for 10 seconds', type='location and time', function='drinkware_to_bottom_shelf') and self.check_condition(f'{object} is drinkware', type='property', function='drinkware_to_bottom_shelf'):\n\t\t\tself.pick(object)\n\t\t\tself.place('bottom shelf')\n\tself.done()\n\treturn\n", "description": "When this function runs, it looks for items on a table that have been there for more than 10 seconds. It checks if each of these items is drinkware (like cups or glasses). If it finds such items, it picks them up and places them on the bottom shelf. The function then signifies that the task is complete.", "is_active": true}]