[{"name": "move_object_from_zone1_to_bottom_shelf", "type": 1, "function": "\ndef move_object_from_zone1_to_bottom_shelf(self):\n\tfor object in self.object_list:\n\t\t# check for zone trigger on zone 1\n\t\tif self.check_condition(f'{object} is in zone 1', type='location', function='move_object_from_zone1_to_bottom_shelf'):\n\t\t\tself.pick(object)\n\t\t\tself.place('bottom shelf')\n\tself.done()\n\treturn\n", "description": "This function moves objects that are currently in \"zone 1\" to a \"bottom shelf.\" It goes through a list of objects and checks if each one is in \"zone 1.\" If an object is in \"zone 1,\" it picks that object up and places it on the bottom shelf. Once all objects have been checked and moved if necessary, it finishes its task.", "is_active": true}]