[{"name": "move_objects_from_dish_area_to_bottom_shelf", "type": 1, "function": "\ndef move_objects_from_dish_area_to_bottom_shelf(self):\n    for obj in self.object_list:\n        # check for obj on dish area for 15 seconds\n        if self.check_condition(f'{obj} is on the dish area for 15 seconds', type='location and time', function='move_objects_from_dish_area_to_bottom_shelf'):\n            self.pick(obj)\n            self.place('bottom shelf')\n    self.done()\n    return\n", "description": "This function checks a list of objects to see if they have been in the dish area for 15 seconds. If an object has been there for that duration, it moves the object to the bottom shelf. After processing all objects in the list, it signals that the task is complete.", "is_active": true}, {"name": "move_and_clean_glass", "type": 0, "function": "\ndef move_and_clean_glass(self):\n\tself.pick('glass')\n\tself.place('dish area')\n\tself.pick('sponge')\n\tself.clean('glass')\n\tself.place('table')\n\tself.done()\n\treturn\n", "description": "The function moves a glass from one place to another and cleans it. It first picks up a glass and puts it in a dish area. Then, it picks up a sponge and cleans the glass. Finally, it places the clean glass on a table and finishes the task.", "is_active": true}]