[{"name": "cup_to_bottom_shelf", "type": 1, "function": "\ndef cup_to_bottom_shelf(self):\n    # check for cup on dish area for 10 seconds\n    if self.check_condition('cup is in dish area for 10 seconds', type='location and time', function='cup_to_bottom_shelf'):\n        self.pick('cup')\n        self.place('bottom shelf')\n    self.done()\n    return\n", "description": "This function looks for a cup in a specific area for 10 seconds. If the cup is there for that time, it picks up the cup. It then puts the cup on the bottom shelf. Finally, it indicates that the task is complete.", "is_active": true}, {"name": "glass_to_bottom_shelf", "type": 1, "function": "\ndef glass_to_bottom_shelf(self):\n    # check for glass on dish area for 10 seconds\n    if self.check_condition('glass is in dish area for 10 seconds', type='location and time', function='glass_to_bottom_shelf'):\n        self.pick('glass')\n        self.place('dish area')\n        self.wait(10)  # Wait for 10 seconds\n        self.pick('glass')\n        self.place('bottom shelf')\n    self.done()\n    return\n", "description": "This function moves a glass from one location to another. First, it checks if the glass has been in a dish area for 10 seconds. If so, it picks up the glass, waits for 10 seconds, then moves the glass to the bottom shelf. Finally, it signals that the task is complete.", "is_active": true}, {"name": "move_glass", "type": 1, "function": "\ndef move_glass(self):\n\t# move glass to dish area and wait for 10 seconds\n\tif self.check_condition('glass is moved to dish area for 10 seconds', type='location and time', function='move_glass'):\n\t\tself.pick('glass')\n\t\tself.place('dish area')\n\t\tself.wait(10)  # wait for 10 seconds\n\t\t# move glass to bottom shelf\n\t\tself.pick('glass')\n\t\tself.place('bottom shelf')\n\tself.done()\n\treturn\n", "description": "This function moves a glass to a dish area and waits for 10 seconds. It first checks a specific condition. If the condition is met, it picks up the glass and places it in the dish area. Then, it waits for 10 seconds before moving the glass to the bottom shelf. Finally, it signals that the task is complete.", "is_active": true}]