[{"name": "cheese_to_middle_shelf", "type": 1, "function": "\ndef cheese_to_middle_shelf(self):\n\t# check for zone trigger on zone 1\n\tif self.check_condition('cheezit is in zone 1', type='location', function='cheese_to_middle_shelf'):\n\t\tself.pick('cheezit')\n\t\tself.place('middle shelf')\n\tself.done()\n\treturn\n", "description": "This function checks if a box of Cheez-It crackers is located in a specific area called \"zone 1.\" If the Cheez-Its are found in zone 1, the function moves them to the middle shelf. After completing this action, it signals that it is done. The function does nothing if the Cheez-Its are not in zone 1.", "is_active": true}]