[{"name": "place_from_dish_area_to_bottom_shelf", "type": 1, "function": "\ndef place_from_dish_area_to_bottom_shelf(self):\n    for obj in self.object_list:\n        # check for object in dish area for 15 seconds\n        if self.check_condition(f'{obj} is in the dish area for 15 seconds', type='location and time', function='place_from_dish_area_to_bottom_shelf'):\n            self.pick(obj)\n            self.place('bottom shelf')\n    self.done()\n    return\n", "description": "This function looks through a list of objects to identify which ones have been in a specific area called the \"dish area\" for at least 15 seconds. When it finds such an object, it picks it up and places it on the bottom shelf. After processing all objects in the list, it signals that the task is complete.", "is_active": true}]