[
    {
        "name": "food_to_zone2_middle_shelf",
        "type": 1,
        "function": "\ndef food_to_zone2_middle_shelf(self):\n\tfor object in self.object_list:\n\t\t# check for object on table and if object is food\n\t\tif self.check_condition(f'{object} is on the table', type='location', function='food_to_zone2_middle_shelf') and self.check_condition(f'{object} is food', type='property', function='food_to_zone2_middle_shelf'):\n\t\t\tself.pick(object)\n\t\t\tself.place('middle shelf')\n\tself.done()\n\treturn\n",
        "description": "This function looks at a list of objects to see if any of them are both on a table and classified as food. If an object meets these conditions, it picks up the object and puts it on the middle shelf. It repeats these actions for all objects in the list. After processing every object, it signals that the task is complete.",
        "is_active": true
    },
    {
        "name": "drinkware_to_bottom_shelf",
        "type": 1,
        "function": "\ndef drinkware_to_bottom_shelf(self):\n\tfor object in self.object_list:\n\t\t# check for object on table and if object is drinkware\n\t\tif self.check_condition(f'{object} is on the table', type='location', function='drinkware_to_bottom_shelf') and self.check_condition(f'{object} is drinkware', type='property', function='drinkware_to_bottom_shelf'):\n\t\t\tself.pick(object)\n\t\t\tself.place('bottom shelf')\n\tself.done()\n\treturn\n",
        "description": "This function moves all drinkware items that are currently on a table to the bottom shelf. It examines each item in a list to check if it is both on the table and classified as drinkware. If both conditions are met, it picks up the item and places it on the bottom shelf. After processing all items, it signals that the task is complete.",
        "is_active": true
    }
]