[{"name": "place_object_from_zone3_to_bottom_shelf", "type": 1, "function": "\ndef place_object_from_zone3_to_bottom_shelf(self):\n\tfor object in self.object_list:\n\t\t# check for object in zone 3\n\t\tif self.check_condition(f'{object} is in zone 3', type='location', function='place_object_from_zone3_to_bottom_shelf'):\n\t\t\tself.pick(object)\n\t\t\tself.place('bottom shelf')\n\tself.done()\n\treturn\n", "description": "This function finds all objects located in a specific area called \"zone 3.\" It picks up each of those objects and moves them to a place called the \"bottom shelf.\" After all the objects have been moved, it finishes its task.", "is_active": true}]