[{"name": "move_objects_to_bottom_shelf", "type": 1, "function": "\ndef move_objects_to_bottom_shelf(self):\n    for object in self.object_list:\n        # Check for object on dish area for longer than 15 seconds\n        if self.check_condition(f'{object} is on the dish area for 15 seconds', type='location and time', function='move_objects_to_bottom_shelf'):\n            self.pick(object)\n            self.place('bottom shelf')\n    self.done()\n    return\n", "description": "This function checks a list of objects to see if any have been on a particular area called the \"dish area\" for more than 15 seconds. If it finds any, it picks them up and places them on the bottom shelf. After checking all objects, it indicates that it has finished its task.", "is_active": true}]