[{"name": "drinkware_to_bottom_shelf", "type": 1, "function": "\ndef drinkware_to_bottom_shelf(self):\n    for object in self.object_list:\n        # check for drinkware on table for 2 seconds\n        if self.check_condition(f'{object} is on the table for 2 seconds', type='location and time', function='drinkware_to_bottom_shelf') and self.check_condition(f'{object} is drinkware', type='property', function='drinkware_to_bottom_shelf'):\n            self.pick(object)\n            self.place('bottom shelf')\n    self.done()\n    return\n", "description": "This function looks at a list of objects to identify drinkware (like cups or glasses) that have been on a table for at least 2 seconds. When it finds such drinkware, it picks them up and moves them to a bottom shelf. After processing all objects in the list, it signals that the task is complete.", "is_active": true}, {"name": "food_to_zone_1", "type": 1, "function": "\ndef food_to_zone_1(self):\n\tfor object in self.object_list:\n\t\t# check for object on table for longer than 2 seconds and if object is food\n\t\tif self.check_condition(f'{object} is on table for 2 seconds', type='location and time', function='food_to_zone_1') and self.check_condition(f'{object} is food', type='property', function='food_to_zone_1'):\n\t\t\tself.pick(object)\n\t\t\tself.place('zone 1')\n\tself.done()\n\treturn\n", "description": "This function moves food items that have been on a table for more than 2 seconds to a location called \"zone 1.\" It looks through a list to check each object. If it finds an object that meets both criteria (being on the table for more than 2 seconds and being food), it will pick up that object and place it in \"zone 1.\" After processing all objects in the list, the function completes its task.", "is_active": true}]