[{"name": "move_objects_to_bottom_shelf", "type": 1, "function": "\ndef move_objects_to_bottom_shelf(self):\n    for obj in self.object_list:\n        # check if the object is in zone 1\n        if self.check_condition(f'{obj} is in zone 1', type='location', function='move_objects_to_bottom_shelf'):\n            self.pick(obj)\n            self.place('bottom shelf')\n    self.done()\n    return\n", "description": "This function moves objects that are currently in a specified area called \"zone 1\" to a location known as the \"bottom shelf.\" It checks each object one by one, and if an object is found in \"zone 1,\" it picks up that object and places it on the \"bottom shelf.\" After moving all such objects, it signals that the task is complete.", "is_active": true}]