[{"name": "move_objects_to_bottom_shelf", "type": 1, "function": "\ndef move_objects_to_bottom_shelf(self):\n\tfor object in self.object_list:\n\t\t# check for object on dish area for 15 seconds\n\t\tif self.check_condition(f'{object} is on the dish area for 15 seconds', type='location and time', function='move_objects_to_bottom_shelf'):\n\t\t\tself.pick(object)\n\t\t\tself.place('bottom shelf')\n\tself.done()\n\treturn\n", "description": "This function checks a list of objects one by one to see if each object has been in a specific area (called the dish area) for at least 15 seconds. If an object meets this condition, the function will then pick up that object and move it to the bottom shelf. The function continues this process for all objects on the list. Once all objects have been checked and moved if necessary, the function signals that it has completed its task.", "is_active": true}, {"name": "sponge_wipe_table", "type": 0, "function": "\ndef sponge_wipe_table(self):\n\tself.pick('sponge')\n\tself.wipe('table')\n\tself.place('table')\n\tself.done()\n\treturn\n", "description": "This function makes sure an object (likely a robot) picks up a sponge, wipes a table, puts the sponge back on the table, and then indicates that it has finished the task.", "is_active": true}]