[{"name": "move_food_to_zone1", "type": 0, "function": "\ndef move_food_to_zone1(self):\n    for obj in self.object_list:\n        # Check if object is food and is on the table\n        if self.check_condition(f'{obj} is food', type='property', function='move_food_to_zone1') and any(condition for condition in self.object_location_list if f'{obj} is on the table' in condition):\n            self.pick(obj)\n            self.place('zone 1')\n    self.done()\n    return\n", "description": "This function is designed to move food items from a table to a designated area called \"zone 1.\" It goes through a list of objects to identify which ones are food. When it finds food that is on the table, it picks up that food item and places it in \"zone 1.\" After moving all the food items, it indicates that the task is complete.", "is_active": true}]