[{"name": "move_objects_to_middle_shelf", "type": 1, "function": "\ndef move_objects_to_middle_shelf(self):\n    for object in self.object_list:\n        if self.check_condition(f'{object} is in zone 1', type='location', function='move_objects_to_middle_shelf'):\n            self.pick(object)\n            self.place('middle shelf')\n    self.done()\n    return\n", "description": "This function moves certain items to the middle shelf. It goes through a list of objects and checks if each one is in a specific area called \"zone 1.\" If an object is found there, it picks it up and places it on the middle shelf. After moving all the valid objects, it signals that the task is completed.", "is_active": true}]