[{"name": "move_to_bottom_shelf_from_dish_area", "type": 1, "function": "\ndef move_to_bottom_shelf_from_dish_area(self):\n\tfor obj in self.object_list:\n\t\t# check if object is on the dish area for 15 seconds\n\t\tif self.check_condition(f'{obj} is on the dish area for 15 seconds', type='location and time', function='move_to_bottom_shelf_from_dish_area'):\n\t\t\tself.pick(obj)\n\t\t\tself.place('bottom shelf')\n\tself.done()\n\treturn\n", "description": "This function looks at a list of objects to see if any have been on the dish area for 15 seconds. If an object has been on the dish area that long, it will pick up the object. Then, it will place the object on the bottom shelf. This process continues for each object in the list. When all objects have been checked and moved if necessary, the function indicates that it is done.", "is_active": true}]