[{"name": "drinkware_to_bottom_shelf", "type": 1, "function": "\ndef drinkware_to_bottom_shelf(self):\n\tfor obj in self.object_list:\n\t\t# check for drinkware on the table\n\t\tif self.check_condition(f'{obj} is on the table', type='location', function='drinkware_to_bottom_shelf') and self.check_condition(f'{obj} is drinkware', type='property', function='drinkware_to_bottom_shelf'):\n\t\t\tself.pick(obj)\n\t\t\tself.place('bottom shelf')\n\tself.done()\n\treturn\n", "description": "This function checks each item in a list to see if it's a piece of drinkware (like a cup or glass) and if it's on a table. If both conditions are met, the function moves that drinkware from the table to the bottom shelf. Once all the drinkware has been moved, it indicates that the task is complete.", "is_active": true}, {"name": "food_to_zone_1", "type": 1, "function": "\ndef food_to_zone_1(self):\n    for object in self.object_list:\n        # check for zone trigger on table and if object is food\n        if self.check_condition(f'{object} is on the table', type='location', function='food_to_zone_1') and self.check_condition(f'{object} is food', type='property', function='food_to_zone_1'):\n            self.pick(object)\n            self.place('zone 1')\n    self.done()\n    return\n", "description": "This function checks all the objects in a list to see if they are food located on a table. For each object that meets these conditions, it picks the object up and moves it to a place called \"zone 1.\" After processing all the objects, it signals that the task is complete.", "is_active": true}]