[{"name": "move_objects_from_zone1_to_bottom_shelf", "type": 1, "function": "\ndef move_objects_from_zone1_to_bottom_shelf(self):\n    for object in self.object_list:\n        # check for objects in zone 1\n        if self.check_condition(f'{object} is in zone 1', type='location', function='move_objects_from_zone1_to_bottom_shelf'):\n            self.pick(object)\n            self.place('bottom shelf')\n    self.done()\n    return\n", "description": "This function moves items from one area to a specific shelf. It checks each item to see if it is in \"zone 1.\" If an item is found in \"zone 1,\" it picks up the item and places it on the \"bottom shelf.\" After all items have been moved, it signals that the task is complete.", "is_active": true}]