[{"name": "objects_to_bottom_shelf", "type": 1, "function": "\ndef objects_to_bottom_shelf(self):\n\tfor obj in self.object_list:\n\t\t# check for object on dish area for 15 seconds\n\t\tif self.check_condition(f'{obj} is on the dish area for 15 seconds', type='location and time', function='objects_to_bottom_shelf'):\n\t\t\tself.pick(obj)\n\t\t\tself.place('bottom shelf')\n\tself.done()\n\treturn\n", "description": "This function waits to see if specific objects have been in a certain dish area for at least 15 seconds. If an object has been in that area for the required time, it picks up the object. Then, it moves the object to a designated bottom shelf. The process repeats for each object in a list. When all objects are moved, the task is marked as complete.", "is_active": true}]