[{"name": "drinkware_to_bottom_shelf", "type": 1, "function": "\ndef drinkware_to_bottom_shelf(self):\n    for obj in self.object_list:\n        # Check for zone trigger on the table and if object is drinkware\n        if self.check_condition(f'{obj} is on the table', type='location', function='drinkware_to_bottom_shelf') and self.check_condition(f'{obj} is drinkware', type='property', function='drinkware_to_bottom_shelf'):\n            self.pick(obj)\n            self.place('bottom shelf')\n    self.done()\n    return\n", "description": "This function moves items categorized as drinkware from a table to a bottom shelf. It goes through a list of objects, checking if each one is both on the table and identified as drinkware. If both conditions are met, it picks up the object and places it on the bottom shelf. After processing all objects, it signals completion.", "is_active": true}, {"name": "move_food_to_zone_1", "type": 1, "function": "\ndef move_food_to_zone_1(self):\n\tfor object in self.object_list:\n\t\t# check for zone trigger on table and if object is food\n\t\tif self.check_condition(f'{object} is on the table', type='location', function='move_food_to_zone_1') and self.check_condition(f'{object} is food', type='property', function='move_food_to_zone_1'):\n\t\t\tself.pick(object)\n\t\t\tself.place('zone 1')\n\tself.done()\n\treturn\n", "description": "This function looks for food items on a table. If it finds any, it picks them up and moves them to an area labeled as \"zone 1\". After all food items have been moved, the function completes its task. Finally, it signals that the job is done.", "is_active": true}]