[{"name": "move_any_object_from_zone1_to_bottom_shelf", "type": 1, "function": "\ndef move_any_object_from_zone1_to_bottom_shelf(self):\n\tfor object in self.object_list:\n\t\t# check for objects in zone 1\n\t\tif self.check_condition(f'{object} is in zone 1', type='location', function='move_any_object_from_zone1_to_bottom_shelf'):\n\t\t\tself.pick(object)\n\t\t\tself.place('bottom shelf')\n\t\t\tbreak\n\tself.done()\n\treturn\n", "description": "This function looks for an object in a specific area called \"zone 1.\" If it finds any object there, it will pick it up and move it to a \"bottom shelf.\" Once it has moved an object, it stops looking for more objects. Finally, it signals that it is done with the task.", "is_active": true}]