[{"name": "move_objects_from_dish_area_to_bottom_shelf", "type": 1, "function": "\ndef move_objects_from_dish_area_to_bottom_shelf(self):\n    for object in self.object_list:\n        # check for object on dish area for 15 seconds\n        if self.check_condition(f'{object} is in the dish area for 15 seconds', type='location and time', function='move_objects_from_dish_area_to_bottom_shelf'):\n            self.pick(object)\n            self.place('bottom shelf')\n    self.done()\n    return\n", "description": "This function identifies objects in a specific \"dish area\" and waits until they have been there for 15 seconds. Once the objects are confirmed to be in the dish area for the required time, it picks them up. Then, it moves these objects and places them on the \"bottom shelf.\" After all the objects have been relocated, the process is marked as complete.", "is_active": true}]