[{"name": "move_objects_to_bottom_shelf", "type": 1, "function": "\ndef move_objects_to_bottom_shelf(self):\n\tfor obj in self.object_list:\n\t\t# check for object on dish area for 15 seconds\n\t\tif self.check_condition(f'{obj} is on the dish area for 15 seconds', type='location and time', function='move_objects_to_bottom_shelf'):\n\t\t\tself.pick(obj)\n\t\t\tself.place('bottom shelf')\n\tself.done()\n\treturn\n", "description": "This function checks a list of objects to see if they have been on a specific dish area for 15 seconds. If an object has been in the dish area for that duration, the function moves it to a bottom shelf. It does this for every object in the list. After processing all objects, it signals completion.", "is_active": true}]