[{"name": "drinkware_to_bottom_shelf", "type": 1, "function": "\ndef drinkware_to_bottom_shelf(self):\n\tfor object in self.object_list:\n\t\t# check for zone trigger on table and if object is drinkware\n\t\tif self.check_condition(f'{object} is on the table', type='location', function='drinkware_to_bottom_shelf') and self.check_condition(f'{object} is drinkware', type='property', function='drinkware_to_bottom_shelf'):\n\t\t\tself.pick(object)\n\t\t\tself.place('bottom shelf')\n\tself.done()\n\treturn\n", "description": "This function goes through a list of objects and looks for drinkware items that are on a table. For each drinkware item it finds on the table, it picks it up and places it on the bottom shelf. After processing all relevant objects, it indicates that the task is done.", "is_active": true}, {"name": "food_to_zone_one", "type": 1, "function": "\ndef food_to_zone_one(self):\n\tfor obj in self.object_list:\n\t\t# check for zone trigger on table and if object is food\n\t\tif self.check_condition(f'{obj} is on the table', type='location', function='food_to_zone_one') and self.check_condition(f'{obj} is food', type='property', function='food_to_zone_one'):\n\t\t\tself.pick(obj)\n\t\t\tself.place('zone 1')\n\tself.done()\n\treturn\n", "description": "This function goes through a list of items. For each item, it checks if the item is on the table and if it is food. If both conditions are met, it moves the item to \"zone 1\". After processing all items, it completes its task.", "is_active": true}]