[{"name": "pringles_to_bottom_shelf", "type": 1, "function": "\ndef pringles_to_bottom_shelf(self):\n\t# check for zone trigger on zone 1\n\tif self.check_condition('pringles is in zone 1', type='location', function='pringles_to_bottom_shelf'):\n\t\tself.pick('pringles')\n\t\tself.place('bottom shelf')\n\tself.done()\n\treturn\n", "description": "This function moves a can of Pringles from one location to another. Specifically, if the Pringles are detected in a certain area (zone 1), it will pick up the can and place it on a bottom shelf. After completing the task, it indicates that the operation is done.", "is_active": true}]