[{"name": "dish_area_to_bottom_shelf", "type": 1, "function": "\ndef dish_area_to_bottom_shelf(self):\n\tfor obj in self.object_list:\n\t\t# check for object in dish area for 15 seconds\n\t\tif self.check_condition(f'{obj} is in the dish area for 15 seconds', type='location and time', function='dish_area_to_bottom_shelf'):\n\t\t\tself.pick(obj)\n\t\t\tself.place('bottom shelf')\n\tself.done()\n\treturn\n", "description": "This function looks at a list of objects in a specific area called the \"dish area.\" It waits to see if any object stays there for 15 seconds. If an object remains in the dish area for 15 seconds, the function moves it to the bottom shelf. This process repeats for all objects in the list. When this is done for all objects, it signals that the task is complete.", "is_active": true}]