[{"name": "move_cup_or_glass_to_bottom_shelf", "type": 1, "function": "\ndef move_cup_or_glass_to_bottom_shelf(self):\n\tfor obj in ['cup', 'glass']:\n\t\t# check for cup or glass on table for 5 seconds (0.083 minutes)\n\t\tif self.check_condition(f'{obj} is on the table for 5 seconds', type='location and time', function='move_cup_or_glass_to_bottom_shelf'):\n\t\t\tself.pick(obj)\n\t\t\tself.place('bottom shelf')\n\tself.done()\n\treturn\n", "description": "This function looks for a cup or a glass on a table for 5 seconds. If either is found, it picks it up and places it on a bottom shelf. It checks if these conditions are met before moving the items. Once it finishes, it marks the task as done.", "is_active": true}, {"name": "snacks_to_zone_one", "type": 1, "function": "\ndef snacks_to_zone_one(self):\n    for object in ['pringles', 'cheezit']:\n        # check for pringles or cheezit on the table for 5 seconds\n        if self.check_condition(f'{object} is on the table for 5 seconds', type='location and time', function='snacks_to_zone_one'):\n            self.pick(object)\n            self.place('zone 1')\n    self.done()\n    return\n", "description": "This function looks for Pringles and Cheez-It snacks on a table. If it finds either snack sitting there for 5 seconds, it will pick it up and move it to a place called \"zone 1.\" Once it checks both items, it signifies that the task is complete. Finally, the function finishes its operation.", "is_active": true}]