[{"name": "objects_to_bottom_shelf", "type": 1, "function": "\ndef objects_to_bottom_shelf(self):\n\tfor obj in self.object_list:\n\t\t# Check for object in zone 1 for 5 seconds (0.0833 minutes)\n\t\tif self.check_condition(f'{obj} is in zone 1 for 5 seconds', type='location and time', function='objects_to_bottom_shelf'):\n\t\t\tself.pick(obj)\n\t\t\tself.place('bottom shelf')\n\tself.done()\n\treturn\n", "description": "This function is designed to relocate items. It checks each item in a list to see if it has been in a specific area (zone 1) for 5 seconds. If an item meets this condition, it is picked up and placed on the bottom shelf. After processing all items, the function signals completion.", "is_active": true}]