[{"name": "move_object_to_bottom_shelf", "type": 1, "function": "\ndef move_object_to_bottom_shelf(self):\n    for obj in self.object_list:\n        # check for zone trigger on zone 1\n        if self.check_condition(f'{obj} is in zone 1', type='location', function='move_object_to_bottom_shelf'):\n            self.pick(obj)\n            self.place('bottom shelf')\n    self.done()\n    return\n", "description": "This function moves objects to the bottom shelf. It goes through a list of objects and checks if each one is in a specific area called \"zone 1\". If an object is found in zone 1, it picks up that object and places it on the bottom shelf. After all objects are checked and moved if needed, the function completes its task.", "is_active": true}]