[
    {
        "name": "move_bottle",
        "type": 0,
        "function": "\ndef move_bottle(self):\n\tself.pick('bottle')\n\tself.place('bottom shelf)\n\tself.done()\n\treturn\n",
        "description": "This function looks through a list of objects. For each object, it checks if the object has been on the dish area for 15 seconds. If it has, the function picks up the object and places it on the bottom shelf. After processing all objects, it marks the task as complete.",
        "is_active": true
    },
    {
        "name": "move_object_from_dish_area_to_bottom_shelf",
        "type": 1,
        "function": "\ndef move_object_from_dish_area_to_bottom_shelf(self):\n    for obj in self.object_list:\n        # check for object on dish area for 15 seconds\n        if self.check_condition(f'{obj} is on the dish area for 15 seconds', type='location and time', function='move_object_from_dish_area_to_bottom_shelf'):\n            self.pick(obj)\n            self.place('bottom shelf')\n    self.done()\n    return\n",
        "description": "This function looks through a list of objects. For each object, it checks if the object has been on the dish area for 15 seconds. If it has, the function picks up the object and places it on the bottom shelf. After processing all objects, it marks the task as complete.",
        "is_active": true
    },
    {
        "name": "pour_glass_into_cup",
        "type": 0,
        "function": "\ndef pour_glass_into_cup(self):\n\tself.pick('glass')\n\tself.pour('cup')\n\tself.place('dish area')\n\tself.done()\n\treturn\n",
        "description": "This function looks through a list of objects. For each object, it checks if the object has been on the dish area for 15 seconds. If it has, the function picks up the object and places it on the bottom shelf. After processing all objects, it marks the task as complete.",
        "is_active": true
    },
    {
        "name": "wipe_table_if_only_sponge",
        "type": 1,
        "function": "\ndef wipe_table_if_only_sponge(self):\n    objects_on_table = [obj for obj in self.object_list if self.check_condition(f'{obj} is on the table', type='location', function='wipe_table_if_only_sponge')]\n    \n    # If only the sponge is on the table\n    if len(objects_on_table) == 1 and objects_on_table[0] == 'sponge':\n        self.pick('sponge')\n        self.wipe('table')\n        self.place('table')\n    \n    self.done()\n    return\n",
        "description": "This function checks what objects are on the table. If the only object on the table is a sponge, it will pick up the sponge, wipe the table, and then put the sponge back down on the table. After completing these actions, it signals that it is finished.",
        "is_active": true
    }
]