[{"name": "food_from_middle_shelf", "type": 0, "function": "\ndef food_from_middle_shelf(self):\n\tfor obj in self.object_list:\n\t\t# Check if object is food\n\t\tif self.check_condition(f'{obj} is food', type='property', function='food_from_shelf_to_table') and self.check_condition(f'{obj} is on the middle shelf', type='location', function='food_from_shelf_to_table'):\n\t\t\t\tself.pick(f'{obj}')\n\t\t\t\tself.place('table')\n\tself.done()\n\treturn\n", "description": "This function moves food items from a shelf to a table. It checks each object to see if it is food. If an object is identified as food and is located on a shelf, it picks up the object. Then, it places the object on the table. Finally, it indicates that the task is complete.", "is_active": true}]